{"cameraMode":{"drawMode":0,"name":"Shaded","section":"Shading Mode"},"sceneLighting":false,"audioPlay":false,"sceneViewState":{"showFog":true,"showMaterialUpdate":false,"showSkybox":false,"showFlares":true,"showImageEffects":true,"showParticleSystems":true},"in2DMode":false,"pivot":{"x":0.41999998688697817,"y":0.26499998569488528,"z":-0.21050001680850984},"rotation":{"x":0.2783425450325012,"y":0.6300570964813232,"z":-0.2589828372001648,"w":0.677131712436676},"size":2.3716540336608888,"orthographic":false}