{"cameraMode":{"drawMode":0,"name":"Shaded","section":"Shading Mode"},"sceneLighting":true,"audioPlay":false,"sceneViewState":{"showFog":true,"showMaterialUpdate":false,"showSkybox":true,"showFlares":true,"showImageEffects":true,"showParticleSystems":true},"in2DMode":false,"pivot":{"x":-2.3410441875457765,"y":3.52668833732605,"z":1.7520264387130738},"rotation":{"x":-0.2110072374343872,"y":-0.7455947399139404,"z":0.2768143117427826,"w":-0.5683124661445618},"size":7.4377570152282719,"orthographic":false}