{"cameraMode":{"drawMode":0,"name":"Shaded","section":"Shading Mode"},"sceneLighting":false,"audioPlay":false,"sceneViewState":{"showFog":true,"showMaterialUpdate":false,"showSkybox":false,"showFlares":true,"showImageEffects":true,"showParticleSystems":true},"in2DMode":false,"pivot":{"x":0.0,"y":1.4910001754760743,"z":-22.200000762939454},"rotation":{"x":0.3057703375816345,"y":0.02347402088344097,"z":-0.007463199086487293,"w":0.9518841505050659},"size":8.389455795288086,"orthographic":false}