{"cameraMode":{"drawMode":0,"name":"Shaded","section":"Shading Mode"},"sceneLighting":false,"audioPlay":false,"sceneViewState":{"showFog":true,"showMaterialUpdate":false,"showSkybox":false,"showFlares":true,"showImageEffects":true,"showParticleSystems":true},"in2DMode":false,"pivot":{"x":0.0,"y":0.491000235080719,"z":0.8000003099441528},"rotation":{"x":0.22630995512008668,"y":0.018159428611397744,"z":-0.004158132243901491,"w":0.973939061164856},"size":20.158000946044923,"orthographic":false}